fname,label,Acoustic_guitar,Bass_drum,Cello,Clarinet,Double_bass,Flute,Hi-hat,Saxophone,Snare_drum,Violin_or_fiddle,y_pred
5388d14d.wav,Saxophone,0.00010868795652640983,0.014373142272233963,0.0021855910308659077,0.0005180457956157625,0.0033902889117598534,0.04496321454644203,9.429365945834434e-07,0.9294631481170654,0.0003272904723417014,0.004669530317187309,Saxophone
c685f05f.wav,Saxophone,0.00011476598592707887,4.5308108383324e-05,0.03961522877216339,5.977189357508905e-05,4.84129805045086e-06,0.00047464758972637355,3.177661938025267e-07,0.9579988718032837,5.308766503731022e-06,0.0016809426015242934,Saxophone
36d20ab5.wav,Saxophone,0.004947067704051733,3.5739994928007945e-05,0.0013423905475065112,5.280056211631745e-05,0.0005559829878620803,7.614977221237496e-05,2.803637642045942e-07,0.990271806716919,0.002102635568007827,0.000615282857324928,Saxophone
d6665734.wav,Saxophone,0.0064209382981061935,0.00010361382010160014,0.05485856533050537,0.0053038811311125755,0.001392330159433186,0.00967343058437109,2.110065906890668e-06,0.9118075370788574,0.0004990283632650971,0.009938690811395645,Saxophone
7352e28f.wav,Saxophone,7.352839048735405e-08,7.368423926568113e-11,2.1813423956018596e-08,5.190481260797242e-06,3.330034470394594e-09,0.0005528863403014839,1.8996136261217877e-11,0.999437689781189,2.9014433334860295e-16,4.1162074921885505e-06,Saxophone
8fa096bf.wav,Saxophone,0.0021066367626190186,3.52224669768475e-05,9.81938501354307e-05,3.402747097425163e-05,1.0248699254589155e-05,0.00022542958322446793,9.178201435133815e-05,0.9970878958702087,3.361388007760979e-05,0.00027686613611876965,Saxophone
2f9c5f62.wav,Saxophone,0.00011341426579747349,3.5178499047106015e-07,5.602067858490045e-07,0.018155021592974663,1.6379397493437864e-05,1.773479993971705e-06,1.3789579478284963e-09,0.9815390706062317,0.0001721396401990205,1.3691800404558307e-06,Saxophone
9cd05a2b.wav,Saxophone,4.544207695289515e-05,7.870355744898916e-08,0.00034159517963416874,1.8942137103294954e-05,2.2614470651660667e-07,0.010282403789460659,1.887951306400737e-08,0.9888745546340942,4.1655530367279425e-06,0.00043303161510266364,Saxophone
ab465bf9.wav,Saxophone,3.3430558232794283e-06,5.004775240069481e-12,4.854547430710454e-09,1.9932753225759825e-09,1.185669895598096e-09,2.3654685719520785e-05,1.471534699648558e-10,0.9999711513519287,4.056375027539083e-11,2.1542080048675416e-06,Saxophone
c40632d7.wav,Saxophone,0.012237941846251488,0.0007187417941167951,0.026070555672049522,0.015105098485946655,0.0007880119374021888,0.028085896745324135,0.00016191511531360447,0.9129012227058411,3.460957304923795e-05,0.003896009409800172,Saxophone
3a80061f.wav,Saxophone,0.0025700805708765984,0.0006052731769159436,0.006335136014968157,0.00018719858780968934,6.409755769709591e-06,0.007495739497244358,0.00694259162992239,0.9718136787414551,0.0005135716637596488,0.0035303900949656963,Saxophone
dba6817d.wav,Saxophone,0.0005230633541941643,2.550627300479391e-07,0.016455164179205894,4.9817634135251865e-05,1.0168216249439865e-05,0.014439085498452187,2.968349690490868e-05,0.9678530097007751,3.7461829833773663e-06,0.0006360028637573123,Saxophone
25f26095.wav,Saxophone,0.00022216548677533865,8.503661229042336e-05,0.0039043142460286617,7.13987901690416e-05,1.652460741752293e-05,0.003530588001012802,0.00013118154311086982,0.9857076406478882,1.3959176612843294e-05,0.006317104212939739,Saxophone
37cebbd4.wav,Saxophone,9.623728146834765e-06,6.674045760490799e-10,1.7825236682256218e-06,5.367989786009275e-08,2.6139798592339503e-07,0.005253632552921772,4.827882449376375e-08,0.9946485757827759,9.018699564933286e-09,8.597758278483525e-05,Saxophone
f8d96888.wav,Saxophone,0.034357700496912,8.91778981895186e-05,0.028405286371707916,0.000568404677323997,0.00033196722506545484,0.008778084069490433,4.18430033732875e-07,0.9189950823783875,0.007184301503002644,0.0012897058622911572,Saxophone
d94c94f0.wav,Saxophone,0.0010034706210717559,1.2365208021947183e-06,0.021118663251399994,0.00023099548707250506,1.0340179869672284e-05,0.00015294537297450006,1.2898675549877225e-06,0.9763336181640625,0.00034326687455177307,0.0008042011759243906,Saxophone
ec6afeb6.wav,Saxophone,0.00021356310753617436,2.5466229819359754e-11,1.507320939708734e-05,1.5061240446812008e-05,4.504555818130029e-06,0.0037308630999177694,1.3664513964783964e-10,0.9960209727287292,1.779210112573537e-10,2.709599300487753e-07,Saxophone
5f0dc8e4.wav,Saxophone,0.00025404494954273105,2.082933478475546e-11,2.367234230860049e-08,3.1870869861450046e-05,8.527414365744335e-07,0.00019799763686023653,7.441531115273681e-13,0.9995152354240417,1.1850929126921983e-09,9.59269108591343e-09,Saxophone
b8c0a88a.wav,Saxophone,0.00022074546723160893,3.1499292063585926e-10,0.02297401800751686,7.238444231916219e-05,6.843482225349362e-08,0.013578171841800213,5.061154162433468e-09,0.9631269574165344,3.049934491627937e-07,2.7302397938910872e-05,Saxophone
96dad435.wav,Saxophone,0.00012870310456492007,2.1880480005620484e-07,5.172494638827629e-06,0.004404845181852579,3.3579621572243923e-07,0.0034439414739608765,2.4869468262522787e-08,0.9920130372047424,4.588519075809927e-08,3.953130544687156e-06,Saxophone
b120dc90.wav,Saxophone,9.764047717908397e-05,0.0008420259109698236,0.00013919379853177816,8.737251846469007e-06,2.5075622033909895e-05,3.945559001294896e-05,7.171555012064346e-07,0.9985644221305847,0.00020466840942390263,7.784499757690355e-05,Saxophone
c1948f24.wav,Saxophone,2.547500166372174e-08,5.817528236917724e-09,3.6603174180527276e-07,0.00013610009045805782,5.656353252447843e-08,0.000417992559960112,4.372059103641135e-10,0.9989385008811951,2.2376668660367693e-12,0.0005068430909886956,Saxophone
ac097834.wav,Saxophone,0.0005037077935412526,2.8036056392011233e-06,0.021347954869270325,0.014151409268379211,7.04574486007914e-05,0.047196172177791595,6.286918505793437e-06,0.9142653942108154,4.706565050582867e-06,0.0024510789662599564,Saxophone
4345851e.wav,Saxophone,0.01235242746770382,0.00015777532826177776,0.01432536356151104,0.0005001861718483269,3.372046921867877e-05,0.01604015938937664,1.8115973716703593e-06,0.9535940289497375,0.0005695280851796269,0.002425064565613866,Saxophone
5d4f8187.wav,Saxophone,3.198419653926976e-05,0.0009177139727398753,0.0011708814417943358,4.2966948967659846e-05,0.0009370252373628318,0.00027950789080932736,1.3174342257116223e-06,0.9959622025489807,6.23086525592953e-05,0.0005939778056927025,Saxophone
b83049f4.wav,Saxophone,0.001449543866328895,4.8776187213661615e-06,0.00031174937612377107,2.9518527298932895e-05,3.894511792168487e-06,0.00032637178082950413,3.5960252553479677e-09,0.9969969987869263,5.760724661740824e-07,0.000876358593814075,Saxophone
c1c3c8b9.wav,Saxophone,4.228143370710313e-05,2.683151194560196e-07,8.60928230395075e-06,2.600692278065253e-05,0.0022327641490846872,0.002448899904266,1.2458221121391944e-09,0.9948568940162659,3.6942904291237255e-09,0.00038502609822899103,Saxophone
78a86075.wav,Saxophone,0.0037086245138198137,9.887210762826726e-05,0.022086603567004204,0.0042843203991651535,3.35169788741041e-05,0.0029151716735213995,1.4231527245556208e-07,0.963463306427002,9.227843293047044e-06,0.0034000391606241465,Saxophone
f0d315bc.wav,Saxophone,0.00815783254802227,3.0248074267547054e-08,0.0007280113641172647,0.014109625481069088,3.497281113595818e-07,0.000903199368622154,6.448273026649076e-10,0.9758934378623962,9.02981628314592e-06,0.00019851321121677756,Saxophone
9c0838c1.wav,Saxophone,0.014472686685621738,0.0001466879330109805,0.00452189426869154,0.0017602042062208056,0.00012624157534446567,0.018368501216173172,0.00011423027899581939,0.9581503868103027,8.500457624904811e-05,0.0022543324157595634,Saxophone
d6144e01.wav,Violin_or_fiddle,7.319035688624353e-08,3.389657125948617e-14,1.1945161304538487e-08,1.432875887985574e-05,4.301977068847662e-13,6.018359144377428e-10,2.874220626836177e-05,4.5162962258871175e-09,4.298479439057701e-07,0.9999563097953796,Violin_or_fiddle
cfb9c5fd.wav,Violin_or_fiddle,0.018525563180446625,0.005614521913230419,0.06915075331926346,0.027213050052523613,0.002852473873645067,0.02053214982151985,0.00011140188871650025,0.00864339154213667,0.007677020505070686,0.8396797180175781,Violin_or_fiddle
c6865306.wav,Violin_or_fiddle,0.07522612065076828,0.0002332071162527427,0.06964821368455887,0.009077949449419975,0.0038443529047071934,0.012161089107394218,9.567743836669251e-05,0.006520540919154882,0.0012150865513831377,0.8219780325889587,Violin_or_fiddle
642aba58.wav,Violin_or_fiddle,0.003514528041705489,5.029450633742272e-08,0.010328414849936962,1.538546712254174e-05,0.00019238815002609044,0.001172187039628625,3.116879421227736e-09,0.008886389434337616,8.041986802709289e-06,0.9758825898170471,Violin_or_fiddle
848faca3.wav,Violin_or_fiddle,0.0004445140075404197,0.013193043880164623,0.02524450421333313,0.030303386971354485,0.0018161901971325278,0.01999436505138874,0.00015004153829067945,0.008297435007989407,0.0006353516946546733,0.899921178817749,Violin_or_fiddle
7eb9dac0.wav,Violin_or_fiddle,0.009713114239275455,0.01384764164686203,0.019706185907125473,0.010001130402088165,0.0014579951530322433,0.007300701458007097,0.0003051656822208315,0.013957541435956955,0.00215856428258121,0.9215520620346069,Violin_or_fiddle
8d7d7dba.wav,Violin_or_fiddle,0.031603701412677765,0.005156306084245443,0.03634015843272209,0.0006144710932858288,0.0004034685262013227,0.0049199750646948814,9.02748215594329e-05,0.027970360592007637,0.0015132694970816374,0.891387939453125,Violin_or_fiddle
2424ad60.wav,Violin_or_fiddle,0.005420651752501726,0.007549590896815062,0.009725476615130901,0.003064323216676712,0.0007992028840817511,0.0004693851515185088,3.761659900192171e-05,0.025973742827773094,0.022355331107974052,0.9246046543121338,Violin_or_fiddle
ba648ac1.wav,Violin_or_fiddle,0.0007158812950365245,0.0010164380073547363,0.040148571133613586,0.01173789519816637,0.00018930529768113047,0.003929595462977886,7.824834028724581e-05,0.060947030782699585,0.003989529795944691,0.8772475719451904,Violin_or_fiddle
2e4a9850.wav,Violin_or_fiddle,0.0001243584993062541,2.6424085142195963e-10,3.6698968415294075e-06,7.119646738829033e-07,9.148100332811993e-11,8.433780749328434e-06,2.264332152890347e-07,5.9082656662212685e-05,5.495700006186155e-10,0.9998034834861755,Violin_or_fiddle
2cc8683d.wav,Violin_or_fiddle,0.004286238923668861,0.0015442429576069117,0.01728438027203083,0.004833962768316269,0.000746565347071737,0.008480341173708439,0.00010296986874891445,0.021134765818715096,0.0003996597952209413,0.941186785697937,Violin_or_fiddle
7b6a119e.wav,Violin_or_fiddle,4.507413450483e-06,2.7634815324972806e-08,0.0003486488712951541,0.045727167278528214,2.54352187312179e-07,0.005464012268930674,0.00013446544471662492,0.003961015027016401,1.1427478057157714e-05,0.9443484544754028,Violin_or_fiddle
68589f79.wav,Violin_or_fiddle,0.0051523735746741295,0.046004682779312134,0.017100874334573746,0.0008822662639431655,0.003619873896241188,0.00025802975869737566,7.943151285871863e-05,0.0019634244963526726,0.0004946417175233364,0.924444317817688,Violin_or_fiddle
fec00143.wav,Violin_or_fiddle,7.659467519260943e-05,0.00011492295743664727,0.0007820698665454984,0.0007410823600366712,8.621357665106189e-06,0.005220621824264526,3.8675520045217127e-05,0.003666129196062684,0.001380821573548019,0.9879704713821411,Violin_or_fiddle
1b24c166.wav,Violin_or_fiddle,0.032253313809633255,0.025932563468813896,0.09726585447788239,0.018923526629805565,0.008863120339810848,0.04187803342938423,0.0009747988078743219,0.04322533309459686,0.0019245353760197759,0.7287589311599731,Violin_or_fiddle
6eb59008.wav,Violin_or_fiddle,1.0759328006315627e-06,1.379254541689079e-07,1.6604584743618034e-05,0.0015021400758996606,1.1278556257821037e-06,0.013909539207816124,3.5375069273868576e-05,0.00018170684052165598,2.3228858481161296e-06,0.9843499064445496,Violin_or_fiddle
0e7cd4eb.wav,Violin_or_fiddle,0.04188594967126846,0.002514308551326394,0.03421008586883545,0.016389897093176842,0.012312192469835281,0.0010565052507445216,6.293602382356767e-06,0.011860503815114498,0.001846002647653222,0.8779182434082031,Violin_or_fiddle
56e79c6f.wav,Violin_or_fiddle,0.005042335484176874,1.0787203308382232e-07,0.04216347634792328,0.0017665724735707045,1.2217966514072032e-06,0.01782708615064621,0.012475511059165001,0.0014650931116193533,0.005812226794660091,0.9134464263916016,Violin_or_fiddle
cdc5fe8e.wav,Violin_or_fiddle,0.061588261276483536,0.005274663679301739,0.005529020447283983,0.0010120583465322852,0.006456783507019281,0.11493930965662003,0.0008598641725257039,0.08070855587720871,0.00431198300793767,0.7193195223808289,Violin_or_fiddle
b38409bb.wav,Violin_or_fiddle,4.3783916225947905e-06,3.099114209703657e-08,0.001107857096940279,5.501232226379216e-05,4.5443302454373224e-09,0.0004680607235059142,1.1253573575231712e-05,3.3746269423318154e-07,8.42100489535369e-05,0.9982689023017883,Violin_or_fiddle
c8c117dc.wav,Violin_or_fiddle,0.011144856922328472,0.010533442720770836,0.05969584360718727,0.0003046824422199279,0.0024378544185310602,0.0002892028714995831,1.7374033632222563e-05,0.0029610914643853903,0.005012548994272947,0.9076030254364014,Violin_or_fiddle
b73c3595.wav,Violin_or_fiddle,0.000264922680798918,1.5828302224463187e-08,2.134805436071474e-05,0.011669144965708256,1.131392536990461e-06,6.239536742214113e-05,1.1955846730415942e-06,5.283773589326302e-06,1.8679242202779278e-05,0.9879558682441711,Violin_or_fiddle
d84c8c43.wav,Violin_or_fiddle,8.050069300225005e-05,0.011315575800836086,0.014890571124851704,0.007063870783895254,0.0031768446788191795,0.0008728847606107593,0.0004728281346615404,0.009371365420520306,0.0007539659272879362,0.952001690864563,Violin_or_fiddle
d914225a.wav,Violin_or_fiddle,0.00023636120022274554,3.4087729545717593e-06,0.017769640311598778,0.00011588714551180601,0.0010902101639658213,8.102584251901135e-05,3.5315298418936436e-07,0.025657758116722107,1.918344605655875e-05,0.9550261497497559,Violin_or_fiddle
1148986e.wav,Violin_or_fiddle,0.04053892567753792,1.6000299183360767e-06,0.03567926213145256,0.00010472132998984307,0.00727585656568408,0.0029879980720579624,7.575454041841567e-09,0.01945161446928978,8.117924880934879e-05,0.8938788771629333,Violin_or_fiddle
e3f479f3.wav,Violin_or_fiddle,0.011358624324202538,2.107040745613631e-05,0.016001787036657333,0.0031804684549570084,6.248318823054433e-05,0.0030477342661470175,4.570806777337566e-05,0.031923290342092514,0.011310148052871227,0.923048734664917,Violin_or_fiddle
aab28420.wav,Violin_or_fiddle,0.00010999563528457657,0.020651929080486298,0.011872260831296444,0.0037197486963123083,0.001590134808793664,0.0014779404737055302,1.3650551409227774e-05,0.0013795364648103714,0.0003049525257665664,0.9588798880577087,Violin_or_fiddle
21346775.wav,Violin_or_fiddle,0.003831686219200492,0.030831634998321533,0.04516115039587021,0.002437497954815626,0.0025600334629416466,0.007680180948227644,3.1083203793969005e-05,0.0021305768750607967,0.0031695885118097067,0.9021665453910828,Violin_or_fiddle
cdeece57.wav,Violin_or_fiddle,0.01131376065313816,0.00040321567212231457,0.021616220474243164,0.00032695470144972205,5.3607189329341054e-05,0.03151453286409378,0.00018896471010521054,0.03045070543885231,3.0327496460813563e-06,0.9041289687156677,Violin_or_fiddle
c9fb642d.wav,Violin_or_fiddle,0.03529356047511101,0.056230101734399796,0.027007045224308968,0.002088968176394701,0.0014693423872813582,0.006240853574126959,6.356407538987696e-05,0.029629135504364967,0.009962178766727448,0.8320152759552002,Violin_or_fiddle
078f7ac0.wav,Hi-hat,3.069406673272823e-10,2.6768383516728722e-12,8.528149714193134e-11,1.5902344330243068e-07,5.903942292733236e-14,8.950090091275342e-08,0.9999842047691345,3.035678819429677e-09,7.185924744135264e-08,1.5469240679522045e-05,Hi-hat
e897db78.wav,Hi-hat,1.504891697368116e-11,3.6433651776947296e-13,3.2534983821636e-12,7.77683567321219e-07,3.041901566112849e-15,5.905578177589632e-07,0.9999971985816956,6.561095000634509e-10,5.299464689301203e-08,1.4542710005116533e-06,Hi-hat
b31ed1fb.wav,Hi-hat,0.0007650156039744616,2.4437758483486505e-09,0.000555668375454843,9.4808783615008e-06,1.1526560816932374e-09,0.005548560526221991,0.9774596691131592,5.815583335788688e-06,0.014004753902554512,0.001651104772463441,Hi-hat
06c48eab.wav,Hi-hat,2.150335603801068e-06,4.90643863315654e-08,2.0096982552786358e-05,0.00010704879241529852,1.5196324056887534e-06,0.00010786107304738835,0.9986408948898315,4.448677282198332e-05,5.249319292488508e-05,0.0010234285145998001,Hi-hat
2503aaa1.wav,Hi-hat,5.136354674917243e-10,2.3131861009995092e-11,1.6410924008614103e-10,3.5290040045765636e-07,3.987426911550816e-14,3.0418907499552006e-06,0.9999949932098389,5.565110541283502e-07,6.585280516446801e-07,4.381253688734432e-07,Hi-hat
3d3439f1.wav,Hi-hat,2.976050308967082e-11,1.5608410289073837e-13,2.0984063011514342e-12,1.9952749141793902e-07,4.0281002531257975e-17,3.055850683608696e-08,0.9999852180480957,6.1368492752789106e-12,1.44432369779679e-05,9.917664556269301e-08,Hi-hat
34a90030.wav,Hi-hat,3.225023872087396e-13,6.614974952350028e-14,1.6872156883424028e-12,1.1705319735710873e-07,8.344498757761437e-17,4.071730064225676e-09,0.9999996423721313,3.285140215414373e-11,7.756462139241194e-12,3.1254137411451666e-07,Hi-hat
da4b0379.wav,Hi-hat,1.504945460243344e-14,1.6669469700319518e-15,1.7680616085785639e-12,1.0054556014438276e-06,3.1713762180810696e-20,6.896934690026058e-10,0.9999988675117493,5.513586007026283e-13,1.663115652139613e-11,1.739656170229864e-07,Hi-hat
a090c45a.wav,Hi-hat,7.485107911091304e-13,8.465176801718266e-14,5.353490220572077e-11,3.2974526220641565e-07,1.4692532587038362e-17,2.2139344579841236e-08,0.9998025298118591,1.2451780058431172e-11,4.4421795131199815e-09,0.00019718888506758958,Hi-hat
41897c32.wav,Hi-hat,6.628819671991582e-13,8.150194408251821e-11,2.130792016354771e-13,4.543898739939323e-06,1.2945299824094038e-15,1.4890101738274097e-06,0.9999896287918091,3.6596129575627856e-06,4.1509962134256284e-10,6.783210437788512e-07,Hi-hat
2032be87.wav,Hi-hat,1.6015380688294556e-10,3.787437377611447e-12,2.8092047785199803e-11,1.7721925260616445e-08,7.038870354636462e-13,2.469815626682248e-06,0.9999974370002747,5.617138310043401e-09,1.1915503250747861e-07,1.2273402738571804e-08,Hi-hat
73677128.wav,Hi-hat,5.75707287831656e-13,8.357590234296403e-15,1.121846192331244e-11,4.7245752199387425e-08,5.399452219558675e-17,6.196029911365031e-09,0.9999997615814209,8.865070483254911e-11,6.078386238783651e-09,2.4484791083523305e-07,Hi-hat
c53a217e.wav,Hi-hat,1.9636783865628615e-10,2.1323307702880712e-13,1.25432650377455e-12,2.0028055658372068e-08,5.835712899447307e-16,1.2336315080574423e-07,0.9999997615814209,2.2778649799715112e-10,1.3622791072975815e-07,2.0969840974771614e-08,Hi-hat
f0dfe343.wav,Hi-hat,3.9575915877776424e-08,4.2823589119223016e-10,0.0001686197065282613,0.00029368416289798915,3.895870737125051e-09,0.002415274502709508,0.9969926476478577,1.4265634717958164e-06,2.354303063611951e-08,0.00012825026351492852,Hi-hat
0ed06544.wav,Hi-hat,1.7482978398319915e-09,4.959371455171002e-12,1.338716290599784e-11,4.106583872953706e-08,5.252386592606746e-14,5.254356096884294e-07,0.9999994039535522,1.265645033221574e-09,2.9512253973962288e-08,5.459261043228025e-09,Hi-hat
99c96a07.wav,Hi-hat,1.0200322009268348e-07,2.00803285110851e-08,2.191816565755289e-05,1.2978276231478958e-07,5.274169642688342e-11,2.188676944570034e-06,0.999639093875885,6.458913048845716e-08,0.00014687141811009496,0.00018965946219395846,Hi-hat
3a3d0279.wav,Hi-hat,1.786550594962133e-11,2.2442466288130625e-11,2.246455937937597e-10,2.520368411751406e-07,2.784918757937709e-15,2.789206909881159e-08,0.9999966621398926,1.041808583845949e-10,3.8639531574347075e-09,3.0478049666271545e-06,Hi-hat
612702c3.wav,Hi-hat,1.3461102232881217e-09,1.143534572589644e-11,9.235691638548316e-13,9.9635988348723e-09,8.85449509269165e-08,1.0277997262164718e-06,0.9999978542327881,1.2310019315009413e-07,1.871482746551578e-09,1.0092960565089015e-06,Hi-hat
d6854eb4.wav,Hi-hat,0.00032562759588472545,0.004015931393951178,0.003293649759143591,0.00011088414612459019,6.410995410988107e-05,0.010222162120044231,0.9253837466239929,0.04298428073525429,0.013181873597204685,0.00041780428728088737,Hi-hat
52300f9b.wav,Hi-hat,6.37521936283636e-13,5.028610144117759e-16,7.717181754740565e-11,4.842124035064899e-09,2.317219431125219e-17,1.8706380444655224e-08,0.999998927116394,8.928626935023054e-12,2.138309085353285e-08,1.0678841135813855e-06,Hi-hat
09a1cfd7.wav,Hi-hat,1.4483922394781246e-10,4.955950472056159e-13,9.322460880513417e-14,2.053209072983009e-06,4.351514875972247e-15,9.164643302028708e-07,0.9999763369560242,9.611562240552374e-11,2.0157118342467584e-05,5.733825787501701e-07,Hi-hat
3aafb6ad.wav,Hi-hat,1.3872754607291427e-06,1.116698955527795e-09,2.1133103018655675e-06,0.00030275541939772666,3.696050757118208e-11,1.0882992000915692e-06,0.9973418712615967,1.3713093949263566e-07,0.000851189368404448,0.001499470672570169,Hi-hat
493c247b.wav,Hi-hat,6.166713251154476e-10,1.1002432472040358e-11,2.7408331160216903e-09,3.1997856808629876e-07,4.2391329162227986e-14,1.665365516601014e-07,0.9999983906745911,1.0706629360868192e-08,6.795849571972212e-08,1.1167684306201409e-06,Hi-hat
5ec7ad26.wav,Hi-hat,2.06195390622943e-11,6.109038275248224e-10,3.9383074579291133e-10,1.4792955880693626e-05,5.5423449439899117e-14,4.201752972221584e-07,0.9997264742851257,1.8108856636445125e-08,0.00025053598801605403,7.735740837233607e-06,Hi-hat
a1b369d7.wav,Hi-hat,1.0505353233375772e-13,6.067611690863117e-11,6.188377311673945e-14,4.6598302105849143e-07,3.2581159373828105e-16,7.71809823163494e-07,0.9999961853027344,2.135061322405818e-06,1.7681936470559378e-10,5.115377916808939e-07,Hi-hat
8cd809d3.wav,Hi-hat,7.540588740084786e-06,1.9729691658199044e-08,0.00011166719923494384,9.969461825676262e-05,1.5726222102330212e-08,1.6297755678351677e-07,0.9983296990394592,6.0454131016740575e-06,9.138266614172608e-05,0.001353788306005299,Hi-hat
aed9d22f.wav,Hi-hat,2.3797790049684409e-07,2.2223271833876623e-11,5.879547515519334e-09,3.23181609473977e-07,3.634148190712061e-11,0.00024171001859940588,0.9997536540031433,2.9142475455046224e-07,4.252869345577892e-08,3.7581150991172763e-06,Hi-hat
a7964699.wav,Hi-hat,2.606660309822928e-08,1.1021846629821752e-10,8.288814569823444e-06,0.00012196942407172173,2.7074265138843367e-12,2.28305623295455e-08,0.9992144703865051,1.5426321908762475e-07,0.00011864152475027367,0.0005364629905670881,Hi-hat
da3f8050.wav,Hi-hat,1.301872998737963e-05,2.0319960825077032e-08,7.13861311396613e-07,4.053759766975418e-06,1.1758231055480906e-09,0.00014249124797061086,0.9998250007629395,5.738864274462685e-06,3.9917924254950776e-07,8.669801900396124e-06,Hi-hat
468f9c4c.wav,Hi-hat,0.01079187635332346,0.001168734161183238,0.011151589453220367,0.00021734942856710404,0.02012370526790619,0.00605244655162096,0.9487088918685913,0.00030949036590754986,4.2806495912373066e-05,0.0014330788981169462,Hi-hat
229be2be.wav,Snare_drum,2.2047463062335737e-05,1.093257378670387e-05,1.9068203982897103e-05,5.2150660678762506e-08,2.2185423631526646e-07,0.00023392199364025146,0.00015305462875403464,8.571843181925942e-07,0.9995505213737488,9.308880180469714e-06,Snare_drum
b6cbc6a9.wav,Snare_drum,4.326756481987104e-07,3.2839119878252943e-12,8.173487913154531e-07,8.30926705219781e-09,1.7063280042389772e-12,7.603024698710215e-08,3.5842134593622177e-07,1.572522023707279e-07,0.9999982118606567,8.134782847335487e-10,Snare_drum
ae7d1c37.wav,Snare_drum,0.006491063628345728,0.00028459515306167305,0.0021260385401546955,2.9527677725127432e-06,2.9213606467237696e-06,2.845517883542925e-07,2.2159154511314227e-08,0.014067171141505241,0.9767922163009644,0.0002327458350919187,Snare_drum
82d4fb44.wav,Snare_drum,1.085093458641495e-06,3.1289633284359297e-07,4.2497553920384235e-08,1.621993928058174e-10,2.2234902807838353e-09,2.985829610224755e-07,2.072261622743099e-06,1.9350245850091596e-07,0.9999921321868896,3.812950581050245e-06,Snare_drum
4c590f69.wav,Snare_drum,8.612882083980367e-05,3.808357860179967e-07,0.0015267995186150074,0.0003028622013516724,3.592678240238456e-06,0.0060525559820234776,3.2124501103680814e-07,0.007381035480648279,0.9843548536300659,0.0002914313809014857,Snare_drum
1c9a423f.wav,Snare_drum,4.569961120637345e-08,2.1451327923715548e-14,7.773246034048498e-05,1.5639776620446355e-06,1.137294468669947e-13,0.0002278938191011548,1.043681959432552e-12,1.2514621339221321e-08,0.9996917843818665,1.0543483313085744e-06,Snare_drum
f0727eac.wav,Snare_drum,0.0002605424087960273,2.393011136470058e-12,7.892778342011297e-08,8.5426880847006e-11,3.1851088335820704e-14,4.5878974219704105e-07,1.4436513993132394e-06,1.0293216057277732e-08,0.9997375011444092,1.2902497736888563e-08,Snare_drum
31db8c5e.wav,Snare_drum,0.004066206980496645,2.120043609465938e-05,0.05697356164455414,9.799538929655682e-06,0.0066373408772051334,4.1795268771238625e-05,1.1031672329409048e-05,0.0027041377034038305,0.8853292465209961,0.044205695390701294,Snare_drum
b86b5a96.wav,Snare_drum,0.00011584202002268285,4.292861831345363e-06,3.166148417221848e-06,6.350580150638052e-08,1.5862049451698113e-08,1.6438900274806656e-05,0.0007097285124473274,7.434351800839067e-07,0.9991401433944702,9.605859304429032e-06,Snare_drum
6fca680b.wav,Snare_drum,0.00017004071560222656,0.0001222091232193634,0.0007840159232728183,4.176036782155279e-06,5.2048704674234614e-05,1.3185714351493516e-06,2.7297168969653285e-08,0.00031436808058060706,0.9985284209251404,2.33396658586571e-05,Snare_drum
1bc8eae1.wav,Snare_drum,0.00015857328253332525,2.8576053523465816e-07,2.981209945573937e-05,4.811315648112213e-07,6.67793216280188e-08,0.00013403159391600639,5.506035449798219e-06,0.0045522223226726055,0.9942290186882019,0.0008897479274310172,Snare_drum
46b52f97.wav,Snare_drum,9.252903510059696e-06,9.181881643893774e-11,1.5975161659298465e-05,5.1580514991655946e-05,1.2665279935930585e-09,0.0007059285999275744,2.5024437633192065e-08,0.0015658189076930285,0.9976510405540466,4.0000895751290955e-07,Snare_drum
0c67f402.wav,Snare_drum,1.3542778560804436e-06,4.0335552853321133e-07,1.2095356396457646e-06,7.284272296459449e-09,8.436509824072402e-10,1.353278378246614e-07,3.1375549269796466e-08,2.1753645341959782e-05,0.9999721646308899,2.926781689893687e-06,Snare_drum
c8ecbbfd.wav,Snare_drum,1.939508547366131e-05,1.5326593711506575e-05,0.002173405373468995,1.566286118759308e-05,0.0023333937861025333,0.0005313258152455091,7.348931831074879e-05,0.0011541680432856083,0.993671715259552,1.2193064321763813e-05,Snare_drum
9f84ea5a.wav,Snare_drum,0.0031473985873162746,6.284705591497186e-07,0.009585903957486153,0.00033880877890624106,0.0068576158955693245,0.020786600187420845,1.2880598497522211e-11,2.2912608983460814e-05,0.9591658115386963,9.430429781787097e-05,Snare_drum
e4958adc.wav,Snare_drum,3.3605100924205544e-08,3.012438583027688e-07,4.845076091442024e-07,1.607883159948642e-09,1.5842457345982552e-09,1.6029334304334952e-08,7.490394415832213e-11,3.6834290284559756e-08,0.9999991655349731,9.82332792887064e-08,Snare_drum
5ce40b1b.wav,Snare_drum,0.0009939634473994374,0.0007181462133303285,6.881717854412273e-05,3.377114978775353e-07,1.3142230272933375e-05,0.0003481051535345614,6.198774644872174e-05,1.82756848516874e-05,0.9976992607116699,7.802582695148885e-05,Snare_drum
9d308738.wav,Snare_drum,2.7364716515876353e-05,4.431618947364768e-07,0.01610948145389557,4.0003718027037394e-07,1.6763219434778875e-07,0.00012264690303709358,0.0031018818262964487,0.00012251498992554843,0.9802078604698181,0.00030734739266335964,Snare_drum
1e3391d5.wav,Snare_drum,7.630162872374058e-05,1.9779081412707455e-06,8.172237357939593e-06,1.0634015552568599e-06,2.8776085514437e-07,4.591678504084484e-08,4.772089407661939e-12,3.147027746308595e-05,0.9998804926872253,1.597755954207969e-07,Snare_drum
ff3f21e7.wav,Snare_drum,8.74768738867715e-06,3.227005720418674e-07,7.711166290391702e-06,1.5118695273486082e-06,3.3115841802100476e-07,2.9367076422204264e-05,4.4399041598808253e-07,5.4662682487105485e-06,0.9863837361335754,0.01356234960258007,Snare_drum
b68f10af.wav,Snare_drum,0.004864912945777178,0.008355404250323772,0.003032062668353319,0.00018834913498722017,0.0008367678383365273,0.012423370964825153,0.003098576795309782,0.03459133952856064,0.9305930137634277,0.00201636110432446,Snare_drum
e8e00924.wav,Snare_drum,0.0015815066872164607,8.086472007562406e-06,6.334862700896338e-05,1.0121386821992928e-06,1.8911137885879725e-05,4.4751272071152925e-05,4.672860450227745e-05,0.0011387886479496956,0.9968840479850769,0.00021294095495250076,Snare_drum
22e1c02c.wav,Snare_drum,0.0007966418634168804,0.0003044376790057868,0.0032011494040489197,3.3912381240952527e-06,0.0007014262373559177,0.002914407290518284,0.003727223724126816,0.0006858292035758495,0.9874095320701599,0.0002559457207098603,Snare_drum
5c33d972.wav,Snare_drum,0.009165329858660698,0.01440149825066328,0.16175749897956848,0.024226268753409386,0.01637565717101097,0.0075092255137860775,0.0018262319499626756,0.018198605626821518,0.7173860669136047,0.0291536096483469,Snare_drum
9320c55f.wav,Snare_drum,0.011454388499259949,0.00034486554795876145,0.018164873123168945,0.0001437051105313003,0.00017747949459590018,0.003383014816790819,0.00016674920334480703,0.01564120128750801,0.9501967430114746,0.0003270474844612181,Snare_drum
f1754aea.wav,Snare_drum,0.021166933700442314,8.678032463649288e-05,1.9636119759525172e-05,8.848257380122959e-07,1.3910486131862854e-06,0.0022011124528944492,0.00031702520209364593,2.0491410396061838e-05,0.9761809706687927,4.80401922686724e-06,Snare_drum
b218444c.wav,Snare_drum,0.0005374638130888343,0.0001278101553907618,0.0004443427606020123,0.0003983057104051113,0.0004433997382875532,4.9575005505175795e-06,1.0563940122665372e-07,0.001026450889185071,0.9925628900527954,0.004454339854419231,Snare_drum
36d06cc0.wav,Snare_drum,1.1195131577323991e-07,2.2397561583176184e-09,2.7349628339834453e-08,1.5778454931503205e-12,1.119997513785928e-13,1.8056642986374882e-11,1.2271454197850667e-13,7.537904878063273e-08,0.9999998211860657,7.994348238948845e-11,Snare_drum
4c4d4797.wav,Snare_drum,0.0001658683322602883,3.684648142154856e-09,0.0003806982422247529,0.001497588469646871,6.529357960971538e-07,0.0006809243350289762,6.963893639522212e-08,0.0014773862203583121,0.9957966208457947,1.5230857286496757e-07,Snare_drum
cae0d841.wav,Snare_drum,8.573941272516095e-07,1.4143972451585718e-12,4.368599093140801e-06,1.474920009059133e-05,1.786899656019969e-10,0.0013104182435199618,3.7776455741322934e-08,0.00015167258970905095,0.9985098242759705,8.115572200040333e-06,Snare_drum
17f82c05.wav,Acoustic_guitar,0.644407331943512,0.034932687878608704,0.11804410070180893,0.0016171650495380163,0.15229342877864838,0.004287996329367161,4.231175626046024e-05,0.003056422807276249,0.016637740656733513,0.024680865928530693,Acoustic_guitar
0eeaebcb.wav,Acoustic_guitar,0.944670557975769,4.997010364604648e-06,0.0023362706415355206,0.0006848884513601661,0.0006171943969093263,0.05140675976872444,4.344076209861214e-09,0.00014419709623325616,5.941288691246882e-05,7.582078978884965e-05,Acoustic_guitar
e92bf0fa.wav,Acoustic_guitar,0.9943503141403198,6.193153581079969e-07,0.00011496051592985168,4.491238360060379e-05,4.6998127800179645e-05,0.002746845595538616,7.353690989475581e-08,2.9945900678285398e-05,0.0024190146941691637,0.00024630356347188354,Acoustic_guitar
10da16fb.wav,Acoustic_guitar,0.9751294255256653,1.6948297343333252e-07,0.005369944963604212,0.0001637796958675608,0.0001264976162929088,0.0013055313611403108,1.664611026797047e-08,0.001078250352293253,1.7628384739509784e-05,0.016808688640594482,Acoustic_guitar
a25423a8.wav,Acoustic_guitar,0.6440265774726868,0.002763019874691963,0.1739681214094162,0.00012459595745895058,0.16941340267658234,0.00014475300849881023,2.067239392999909e-06,0.008686819113790989,0.0006722693215124309,0.00019845442147925496,Acoustic_guitar
16c9a838.wav,Acoustic_guitar,0.9531736969947815,3.246563937864266e-05,0.0024498600978404284,0.03331978991627693,0.0004015481099486351,0.002677006646990776,4.6053435198700754e-07,9.623779078538064e-06,4.222263669362292e-05,0.00789339654147625,Acoustic_guitar
70ca9c77.wav,Acoustic_guitar,0.5627094507217407,0.004408662673085928,0.19295063614845276,0.017581110820174217,0.21209269762039185,0.006528597790747881,7.374485448963242e-06,0.0023066450376063585,0.0011652983957901597,0.00024944377946667373,Acoustic_guitar
38216fad.wav,Acoustic_guitar,0.9322752356529236,0.003452751785516739,0.01874373108148575,0.0009361167903989553,0.0010584637057036161,0.005944302771240473,1.3081618817523122e-05,0.033392373472452164,0.0002190459636040032,0.003964790143072605,Acoustic_guitar
d8a257e5.wav,Acoustic_guitar,0.9271259307861328,0.008527915924787521,0.022894706577062607,0.0008993413648568094,0.010160171426832676,0.001195657765492797,1.3591464266937692e-05,0.02051445096731186,0.00024036943796090782,0.008428000845015049,Acoustic_guitar
7506dcc4.wav,Acoustic_guitar,0.9789006114006042,4.180848554824479e-05,4.1244989006372634e-06,0.000599818245973438,0.01951526664197445,1.3538247912947554e-05,1.3938962695192458e-07,0.0008683912456035614,5.521857019630261e-05,1.3028183047936182e-06,Acoustic_guitar
a6728901.wav,Acoustic_guitar,0.9476768374443054,1.1633873864269617e-09,0.00014610393554903567,1.546240042671343e-07,1.968125161511125e-06,0.0013161719543859363,1.759715928528749e-09,0.0007704193703830242,6.421556428964914e-12,0.05008835718035698,Acoustic_guitar
b88322f6.wav,Acoustic_guitar,0.995951771736145,1.5406183592858724e-05,0.0028740717098116875,1.4495580217044335e-05,0.0002448633895255625,5.558272096095607e-05,1.5835949440656805e-08,0.0004760277224704623,3.1604683954356005e-06,0.0003645803953986615,Acoustic_guitar
35039ae1.wav,Acoustic_guitar,0.9979792833328247,2.713022240641294e-06,0.001335051842033863,2.5330116841359995e-05,0.00011414117034291849,0.00039193464908748865,2.0597294536628397e-08,0.0001494004245614633,1.088206545318826e-06,1.1956396974710515e-06,Acoustic_guitar
236cbab1.wav,Acoustic_guitar,0.7186282873153687,0.02130727842450142,0.11210452765226364,0.006100326310843229,0.09315016865730286,0.002137669362127781,0.00032253412064164877,0.014570575207471848,0.030631856992840767,0.0010469637345522642,Acoustic_guitar
0356dec7.wav,Acoustic_guitar,0.8991187214851379,0.0062451972626149654,0.031763311475515366,8.979203994385898e-05,0.001972959144040942,0.002446366474032402,0.00011338329932186753,0.04415110498666763,0.0024894759990274906,0.01160950493067503,Acoustic_guitar
bb1f5874.wav,Acoustic_guitar,0.9862267374992371,6.079481681808829e-05,0.006913569290190935,0.00021758329239673913,0.004400636535137892,0.0011738246539607644,3.50103135815516e-07,0.0002850218443199992,5.99402810621541e-05,0.00066138687543571,Acoustic_guitar
34747922.wav,Acoustic_guitar,0.95430588722229,4.817651344524165e-08,0.0008369692950509489,1.2561621588247363e-05,0.0003834656090475619,0.030051207169890404,0.00011916497896891087,0.0006840563728474081,2.024107743636705e-05,0.013586386106908321,Acoustic_guitar
44fb3eeb.wav,Acoustic_guitar,0.9390406608581543,3.9462207723772735e-08,0.007216316182166338,0.00018145737703889608,1.640682967263274e-05,0.005833112169057131,2.037353169725975e-06,0.04337373748421669,2.533932672577066e-07,0.004336110781878233,Acoustic_guitar
367ad7b1.wav,Acoustic_guitar,0.8883156180381775,6.310583557933569e-06,0.002741699805483222,0.0007230316987261176,0.08704032003879547,0.01045841071754694,4.508649362833239e-05,0.006108433939516544,0.001324985409155488,0.0032360132317990065,Acoustic_guitar
160c92d7.wav,Acoustic_guitar,0.9929841756820679,2.7000710556279728e-09,0.003070433624088764,0.00010157864744542167,1.3055624776825425e-06,0.0012850731145590544,9.39100394670156e-11,0.0009423295850865543,1.4905306670698337e-05,0.0016002861084416509,Acoustic_guitar
2016d256.wav,Acoustic_guitar,0.9983371496200562,9.220813348975732e-12,1.117116989191036e-11,0.0013670279877260327,8.93452849481946e-08,3.087007371505024e-06,2.1838338971381932e-13,0.00029198284028097987,4.726382479836033e-11,5.672164320458251e-07,Acoustic_guitar
fc55d588.wav,Acoustic_guitar,0.9212238788604736,0.00018763093976303935,0.05380009859800339,0.00037288846215233207,0.007032893132418394,0.0051657212898135185,3.417617051582056e-07,0.006008735857903957,0.00335851707495749,0.002849390497431159,Acoustic_guitar
c7846d27.wav,Acoustic_guitar,0.9946123957633972,5.525007118478698e-10,0.00016680455883033574,6.512535492220195e-06,4.405727782597069e-09,0.004413090646266937,4.2112006326533447e-08,3.556664159987122e-05,1.3832514014211483e-06,0.0007642108830623329,Acoustic_guitar
55822aae.wav,Acoustic_guitar,0.8725220561027527,0.0009263637475669384,0.04124540835618973,0.011245360597968102,0.058750856667757034,0.013795243576169014,3.7707875435444294e-06,0.00048558120033703744,0.000870252784807235,0.00015517132123932242,Acoustic_guitar
9923ddf8.wav,Acoustic_guitar,0.9999958872795105,5.1734849043638675e-12,4.204459003176453e-11,2.4081302854028763e-06,8.993012556857138e-09,3.726900104084052e-07,1.1626878126946849e-08,4.111720297572674e-09,1.1777183317462914e-06,1.807386098562347e-07,Acoustic_guitar
32dee61b.wav,Acoustic_guitar,0.9282065033912659,0.0379980206489563,0.012114482931792736,3.055491833947599e-05,0.010595441795885563,0.00015396646631415933,5.40029832336586e-05,0.010212112218141556,3.103591006947681e-05,0.0006038976134732366,Acoustic_guitar
fa4d4a92.wav,Acoustic_guitar,0.7289881110191345,0.002960516605526209,0.10535913705825806,0.0028591009322553873,0.15479937195777893,0.0026957897935062647,2.394755483692279e-06,0.000939635734539479,0.0012417890829965472,0.0001540597149869427,Acoustic_guitar
8da75280.wav,Acoustic_guitar,0.7607166767120361,8.991765935206786e-05,0.10380489379167557,0.00553632527589798,0.12676289677619934,0.0004927683039568365,2.957442113427078e-08,0.0013948717387393117,0.0005546017200686038,0.0006472175591625273,Acoustic_guitar
b2261238.wav,Acoustic_guitar,0.9445172548294067,1.8525255427448428e-06,0.011454066261649132,0.0003537264128681272,0.0001140903914347291,0.006376259960234165,2.542150241424679e-06,0.0032392102293670177,0.03015868365764618,0.0037824721075594425,Acoustic_guitar
673defaf.wav,Acoustic_guitar,0.9843475818634033,2.945493449146852e-08,0.00041778042213991284,2.793210853724304e-07,2.443332824952904e-08,1.998731704588863e-06,6.195519097751401e-11,2.5692206691019237e-05,3.0885973956173984e-06,0.015203554183244705,Acoustic_guitar
e6597186.wav,Double_bass,0.1885082870721817,0.00015421821444761008,0.2255392074584961,5.127142503624782e-05,0.5835639834403992,8.572817023377866e-05,4.9696314619041004e-08,4.324311521486379e-05,0.0015599975595250726,0.0004939817008562386,Double_bass
fcfafbc8.wav,Double_bass,0.0018176434095948935,0.025123460218310356,0.012733463197946548,3.81015206585289e-06,0.9599968791007996,4.6265736841633043e-07,3.544986881820478e-08,3.329427045173361e-06,0.00028819742146879435,3.275148628745228e-05,Double_bass
444f9db5.wav,Double_bass,0.001355577609501779,2.457435584801715e-05,0.019594890996813774,2.343907908652909e-05,0.9667150974273682,8.758655894780532e-05,9.842595183329195e-09,0.008901543915271759,0.0031603348907083273,0.00013699902046937495,Double_bass
19893aa8.wav,Double_bass,0.01120154932141304,0.029466642066836357,0.010348177514970303,0.028029989451169968,0.8997992277145386,0.012652256526052952,0.00037364003947004676,0.003067813580855727,0.0007569214794784784,0.0043036676943302155,Double_bass
f042282c.wav,Double_bass,0.03713785484433174,0.028089286759495735,0.03831934928894043,0.0018738184589892626,0.8886846303939819,0.0027304962277412415,1.1957396054640412e-05,0.00018327272846363485,0.0012704979162663221,0.0016989036230370402,Double_bass
95e1d0ae.wav,Double_bass,0.009732989594340324,0.04021560773253441,0.05495116114616394,0.0027685530949383974,0.8888649344444275,0.0011395144974812865,1.8911277948063798e-05,0.001504984451457858,0.000457059039035812,0.00034621029044501483,Double_bass
595c191d.wav,Double_bass,0.017246052622795105,0.03506580740213394,0.0014164613094180822,2.2048681785236113e-05,0.9399470686912537,4.314215402700938e-05,1.3327159820164525e-07,0.004721652250736952,0.0015122538898140192,2.5438865122850984e-05,Double_bass
8073923c.wav,Double_bass,0.30537599325180054,0.00031796054099686444,0.19802320003509521,0.0006674937903881073,0.4882570803165436,0.002429584041237831,8.450161459450101e-08,9.454559767618775e-05,0.004562719725072384,0.00027140084421262145,Double_bass
6efbaf90.wav,Double_bass,0.003458600025624037,0.00543336383998394,0.023098420351743698,5.758226689067669e-05,0.967315673828125,8.100997547444422e-06,4.165871700934076e-07,8.123342013277579e-06,0.0004023806541226804,0.00021737441420555115,Double_bass
642ad7e4.wav,Double_bass,0.021765507757663727,0.004527316428720951,0.023353904485702515,3.482224201434292e-06,0.9481499195098877,1.102272653952241e-05,6.544274100406255e-08,0.0006979724275879562,0.0004737965064123273,0.0010170249734073877,Double_bass
5eadbc6d.wav,Double_bass,0.029253754764795303,0.0069015840999782085,0.06469734758138657,0.0017337588360533118,0.8376069068908691,0.0019462174968793988,0.00017791152640711516,0.05233783647418022,0.001023437944240868,0.004321341402828693,Double_bass
1a7d3f2d.wav,Double_bass,0.042553726583719254,0.0018659973284229636,0.21672862768173218,4.242981958668679e-05,0.7339704632759094,2.717994175327476e-05,4.054586000279414e-08,6.014857262925943e-06,0.004571618977934122,0.00023392494767904282,Double_bass
13da16ae.wav,Double_bass,0.0022460867185145617,0.008968084119260311,0.003449002280831337,0.002296851947903633,0.9821672439575195,0.00013797084102407098,7.863796014362379e-08,0.00011963137512793764,8.193908433895558e-05,0.0005332331056706607,Double_bass
103f29e5.wav,Double_bass,0.00535261444747448,0.00013300492719281465,9.449989738641307e-05,6.672859308309853e-05,0.9939208626747131,7.172166988311801e-06,6.095234539316152e-09,0.00020383035007398576,6.116798886068864e-06,0.0002150747022824362,Double_bass
da8ea649.wav,Double_bass,0.009042439982295036,0.04394583776593208,0.006596430204808712,0.00012956665887031704,0.9389811754226685,1.3033011327934219e-06,7.903040000201145e-08,4.177219125267584e-06,0.0012832831125706434,1.572388100612443e-05,Double_bass
ca348cbb.wav,Double_bass,0.015945374965667725,0.005834757350385189,0.08374029397964478,7.891428140283097e-06,0.891302764415741,5.408183824329171e-06,2.024379064380355e-08,1.6782767033873824e-06,0.0030699947383254766,9.17811194085516e-05,Double_bass
8ce2e863.wav,Double_bass,0.001386794145219028,0.006692339666187763,0.00011571982759051025,3.859507614834001e-06,0.9917988777160645,5.322971787791175e-07,3.0129423400637734e-09,6.276007979977294e-08,1.4306771163319354e-06,3.986796457411401e-07,Double_bass
462b676f.wav,Double_bass,0.007267538458108902,0.059832293540239334,0.031653400510549545,0.0029982703272253275,0.8776151537895203,0.0001544551778351888,3.761880122965522e-07,0.005501112435013056,0.00012088681251043454,0.014856597408652306,Double_bass
b428466c.wav,Double_bass,0.06536693125963211,0.02700367011129856,0.011220318265259266,0.00019363815954420716,0.8819572925567627,3.598453622544184e-05,6.703583949274616e-06,0.0008057447266764939,1.0612863661663141e-05,0.013399039395153522,Double_bass
4fd883bb.wav,Double_bass,0.06345270574092865,0.0004979038494639099,0.1525026559829712,0.0009452539961785078,0.7817525267601013,0.00012677322956733406,3.473187177860382e-07,7.513463060604408e-06,0.00061715894844383,9.710251470096409e-05,Double_bass
2ac8b94f.wav,Double_bass,0.036602627485990524,0.0001927672274177894,0.02329549379646778,0.00015591684496030211,0.9175130724906921,0.019762814044952393,0.00024723701062612236,0.0015478566056117415,7.163063855841756e-05,0.0006105639622546732,Double_bass
c840804f.wav,Double_bass,0.037721939384937286,0.011752891354262829,0.04416031017899513,7.640621333848685e-06,0.9058513045310974,1.7523792848805897e-05,4.366331438632187e-07,4.1633415094111115e-05,0.00016424681234639138,0.0002820866066031158,Double_bass
f63f3703.wav,Double_bass,0.011392028070986271,0.018982646986842155,0.018067441880702972,1.3764565665042028e-05,0.9499175548553467,5.6391407269984484e-05,3.2421937135040935e-07,1.880342279036995e-05,0.00018256768817082047,0.0013684452278539538,Double_bass
c0ddf010.wav,Double_bass,0.014707483351230621,0.042122919112443924,0.019326714798808098,8.888352749636397e-05,0.919647753238678,0.0003289220330771059,5.30121553765639e-07,0.0003683974500745535,0.0017225309275090694,0.0016857868758961558,Double_bass
a0cbe92e.wav,Double_bass,0.014244789257645607,0.020192638039588928,0.021900976076722145,0.035169567912817,0.8978672027587891,0.003866369603201747,0.0022164401598274708,0.00019980619254056364,0.002392047317698598,0.0019501461647450924,Double_bass
4fb480bf.wav,Double_bass,0.025238731876015663,0.3611873686313629,0.03231967240571976,0.018251469358801842,0.5413380861282349,0.017870375886559486,0.00012926360068377107,0.00021787626610603184,0.0010785647900775075,0.0023685703054070473,Double_bass
9dd0141c.wav,Double_bass,0.011945716105401516,0.00015929056098684669,0.02486868016421795,0.00031516296439804137,0.9042088985443115,0.002882086904719472,9.467525075024241e-08,0.051706016063690186,0.003222687868401408,0.0006914037512615323,Double_bass
deb87700.wav,Double_bass,0.002941894344985485,0.018165607005357742,0.04901233687996864,0.0502811074256897,0.8670183420181274,0.008330505341291428,5.674293788615614e-06,0.0030026340391486883,0.00032823646324686706,0.000913657306227833,Double_bass
e0ecd1a6.wav,Double_bass,0.16744227707386017,0.00040275577339343727,0.1431640386581421,0.037755608558654785,0.6413130760192871,0.00010886853124247864,6.477133496218812e-08,0.00042689728434197605,0.003150513395667076,0.006235948298126459,Double_bass
0286fc27.wav,Double_bass,0.017585529014468193,0.009711193852126598,0.01855144090950489,0.012567232362926006,0.934596598148346,0.004053923767060041,4.868158066528849e-05,0.001239453675225377,0.0004150534514337778,0.0012308801524341106,Double_bass
e2d993ec.wav,Cello,0.025407489389181137,0.0035428113769739866,0.8528119325637817,0.008720260113477707,0.034318745136260986,0.030831338837742805,4.816795808437746e-06,0.004583478439599276,0.0011866330169141293,0.038592420518398285,Cello
0091fc7f.wav,Cello,0.08366671949625015,0.006010516546666622,0.7618657946586609,0.058182235807180405,0.01201578602194786,0.02506761997938156,0.00010209411266259849,0.01572943478822708,0.005275466479361057,0.032084234058856964,Cello
e55c5160.wav,Cello,0.04047264903783798,0.0015880551654845476,0.8387675285339355,0.02147906832396984,0.0012572265695780516,0.020193465054035187,5.616379326056631e-07,0.060551296919584274,0.0009095261921174824,0.014780662953853607,Cello
a59b5a08.wav,Cello,0.00593619653955102,0.04603161662817001,0.8840749859809875,0.008345688693225384,0.04268919304013252,0.0016372782411053777,0.00012698098726104945,0.00028834043769165874,0.0022325762547552586,0.008637084625661373,Cello
88500b88.wav,Cello,0.008078708313405514,0.006179881747812033,0.8657206892967224,0.0018028276972472668,0.010022970847785473,0.039374012500047684,2.6576278742140858e-06,0.06524165719747543,0.0009071119129657745,0.002669435227289796,Cello
743ae0f9.wav,Cello,0.043039463460445404,0.03900647163391113,0.6997194290161133,0.014286317862570286,0.17187967896461487,0.004511027596890926,0.0007151817553676665,0.0196717269718647,0.0028942166827619076,0.004276605322957039,Cello
9e3bc1b6.wav,Cello,0.006535835564136505,0.00013299990678206086,0.961712658405304,0.003518457757309079,0.008862743154168129,0.0060504525899887085,3.134558937745169e-05,0.0074416352435946465,0.004238721448928118,0.001475336030125618,Cello
3e2bddda.wav,Cello,0.00015369750326499343,2.902275991800707e-05,0.9256045818328857,0.00011298784374957904,8.570647196393111e-07,0.0008332464494742453,0.0003306543221697211,0.04271513596177101,0.021058715879917145,0.00916119571775198,Cello
d328db67.wav,Cello,0.003214000491425395,2.933736141130794e-06,0.9827143549919128,0.0007174740894697607,7.636416557943448e-05,0.001021127332933247,4.803142473974731e-06,0.0017577349208295345,0.009203225374221802,0.0012880612630397081,Cello
7d896090.wav,Cello,0.0838811844587326,0.007469305768609047,0.8097267150878906,0.007909663952887058,0.028188271448016167,0.012647139839828014,0.00010778202704386786,0.03396341949701309,0.007147722877562046,0.008958820253610611,Cello
4bff8f32.wav,Cello,0.016869641840457916,0.021914657205343246,0.8457104563713074,0.006558441556990147,0.10113581269979477,0.003501690924167633,1.6538915588171221e-06,0.003703795373439789,0.00012171842536190525,0.00048200719174928963,Cello
5e5bca7a.wav,Cello,0.024067295715212822,0.029211727902293205,0.8990307450294495,0.010337057523429394,0.01227596402168274,0.0041549326851964,0.00014864312834106386,0.012509364634752274,0.002445280086249113,0.005818882957100868,Cello
811bf309.wav,Cello,0.011956242844462395,0.022036772221326828,0.9169955253601074,0.00043592945439741015,0.010693900287151337,0.0007429333054460585,1.6095675164251588e-05,0.0035013349261134863,0.00481437286362052,0.028806841000914574,Cello
5689818f.wav,Cello,0.029195131734013557,0.020038161426782608,0.8973793983459473,0.0008865162380971014,0.02409907802939415,0.008915421552956104,9.022370068123564e-05,0.006841208320111036,0.0027555811684578657,0.009799188002943993,Cello
81d9f077.wav,Cello,0.008541413582861423,0.007943849079310894,0.7800442576408386,0.0032488841097801924,0.14123788475990295,0.040079426020383835,6.669756089650036e-07,0.017927059903740883,7.737949636066332e-05,0.0008992159855552018,Cello
00353774.wav,Cello,0.015528750605881214,0.0008863761904649436,0.9000953435897827,0.0006429117056541145,0.001999598927795887,0.01811172626912594,0.0011389526771381497,0.05519700050354004,0.00027917357510887086,0.0061202566139400005,Cello
6a210ffa.wav,Cello,0.013965366408228874,0.0030794506892561913,0.8725966811180115,0.0026270789094269276,0.08970604091882706,0.009129646234214306,5.568950200540712e-06,0.003344961442053318,0.003331470303237438,0.002213786356151104,Cello
e97d9707.wav,Cello,0.010478303767740726,0.0025061594787985086,0.8128469586372375,0.025943877175450325,0.04999827221035957,0.05783537030220032,2.548376505728811e-05,0.033069171011447906,0.0021874692756682634,0.005108991637825966,Cello
238b16a5.wav,Cello,0.09227512776851654,0.0007600727258250117,0.6982865929603577,0.0005022775148972869,0.20341849327087402,0.0009676813497208059,4.4078809935399477e-08,0.00013726043107453734,0.001005687052384019,0.0026467624120414257,Cello
dc5be9d7.wav,Cello,0.02433391660451889,0.015176959335803986,0.8928812742233276,0.005485895089805126,0.037056777626276016,0.0200330950319767,1.0799431947816629e-05,0.0026677625719457865,0.0005769695271737874,0.001776761026121676,Cello
f9653de8.wav,Cello,0.015047416090965271,0.12371818721294403,0.6948900818824768,0.0009391215280629694,0.15564855933189392,0.0006903535104356706,0.00022212332987692207,0.004552432801574469,0.0005943953874520957,0.003697138512507081,Cello
31dbc5c0.wav,Cello,0.04154965654015541,0.01785898581147194,0.8769423365592957,0.0002529586781747639,0.008562078699469566,0.025959908962249756,1.0085049098051968e-06,0.005770648829638958,0.0007877404568716884,0.022314714267849922,Cello
cbc8d551.wav,Cello,0.044513724744319916,0.019181229174137115,0.8263118863105774,0.009074706584215164,0.052397146821022034,0.013551340438425541,0.00018759304657578468,0.009656981565058231,0.005144784227013588,0.019980551674962044,Cello
195f544d.wav,Cello,0.029670603573322296,0.007579345256090164,0.8460108041763306,0.0018411045894026756,0.008436078205704689,0.040956854820251465,0.0030027718748897314,0.011648579500615597,0.003244187915697694,0.04760971665382385,Cello
22bea889.wav,Cello,0.01659703068435192,0.004560395609587431,0.8369805812835693,8.463046106044203e-05,0.137607604265213,0.00023989431792870164,1.6707166423657327e-06,0.00019527132099028677,0.0018479757709428668,0.0018848961917683482,Cello
ab8e8ae3.wav,Cello,0.013704068958759308,0.0036307284608483315,0.9415702819824219,0.0020044653210788965,0.005246363580226898,0.022001754492521286,0.00043189627467654645,0.011019164696335793,0.00022703911236021668,0.00016442722699139267,Cello
e70c41d4.wav,Cello,0.000877871410921216,1.493195433965866e-08,0.9231997728347778,0.0017254886915907264,1.0376622412877623e-05,0.02874390222132206,3.7218299553387624e-07,0.041315242648124695,9.975135981221683e-06,0.0041168187744915485,Cello
125e6ccf.wav,Cello,0.0028253241907805204,0.00013071308785583824,0.9905518889427185,0.00019032623094972223,0.00047606963198632,0.0002100300625897944,5.30860290837154e-07,0.00011336227180436254,0.004437534604221582,0.0010642835404723883,Cello
2da9e12a.wav,Cello,0.03594551235437393,0.0011723095085471869,0.8925350308418274,0.0011679831659421325,0.05068302899599075,0.011698885820806026,9.500005944573786e-06,0.005824685096740723,0.0004339861043263227,0.00052907649660483,Cello
34e4d187.wav,Cello,0.050324518233537674,0.026887638494372368,0.754119336605072,0.0009258597274310887,0.14748768508434296,0.00476217782124877,0.005007212981581688,0.007397575303912163,0.0012815478257834911,0.0018064114265143871,Cello
52e54bdd.wav,Bass_drum,0.018633320927619934,0.5802925229072571,0.13436733186244965,0.05315185338258743,0.14541973173618317,0.03451094031333923,0.0011262645712122321,0.0027040739078074694,0.005239843390882015,0.02455410175025463,Bass_drum
6d21ad67.wav,Bass_drum,0.0008218026487156749,0.9248165488243103,0.04753965139389038,4.5785305701429024e-05,0.026259681209921837,0.00010608399315970019,6.925326488271821e-06,0.00013446967932395637,0.00014789534907322377,0.00012113745469832793,Bass_drum
ca3f3698.wav,Bass_drum,0.0022073823492974043,0.9908323287963867,0.00014869915321469307,2.811180479511677e-07,0.006782090291380882,2.24888907496279e-07,7.446362815244356e-07,1.7954045688384213e-05,6.081887477193959e-06,4.148886091570603e-06,Bass_drum
aa9ae956.wav,Bass_drum,1.944459290825762e-05,0.9982732534408569,4.952398012392223e-05,3.784330692724325e-05,0.0016012605046853423,2.4870473680493888e-06,3.177772356366404e-08,4.927363534079632e-06,3.768165015571867e-07,1.0769816071842797e-05,Bass_drum
0ddb4bdf.wav,Bass_drum,6.741281595168402e-06,0.9966574907302856,0.0008284943178296089,0.00122788455337286,0.0011089749168604612,3.527107401168905e-05,4.397721113491571e-06,1.3671788110514171e-05,3.228582954761805e-06,0.0001139032538048923,Bass_drum
921eee9d.wav,Bass_drum,0.0025011540856212378,0.7490336298942566,0.05330818518996239,0.04842683672904968,0.0013992543099448085,0.0004883147194050252,0.00018264063692186028,0.11774919182062149,0.02639753557741642,0.0005131856887601316,Bass_drum
c153f347.wav,Bass_drum,0.0014992409851402044,0.9778174161911011,0.00013123176177032292,6.945076052033983e-07,0.020516159012913704,1.8403181911708089e-07,4.432964999523392e-07,1.3020195183344185e-05,1.8228101907880045e-05,3.363771156728035e-06,Bass_drum
63e0ab2c.wav,Bass_drum,6.319319709291449e-06,0.9992785453796387,0.00012091524695279077,4.449041171028512e-06,0.0005653654807247221,6.454712320191902e-07,8.96549412487957e-09,2.5481801912974333e-06,5.965959530840337e-07,2.064203545160126e-05,Bass_drum
88780eac.wav,Bass_drum,0.014153306372463703,0.8360333442687988,0.03529803082346916,0.005117796827107668,0.008660185150802135,0.033756282180547714,0.012289397418498993,0.00785050168633461,0.043380025774240494,0.003461279673501849,Bass_drum
bea51ca5.wav,Bass_drum,0.06521473079919815,0.7077494859695435,0.06528745591640472,0.024772096425294876,0.10593041032552719,0.017280342057347298,5.4905590332055e-06,0.000546031747944653,0.001323809614405036,0.01189005933701992,Bass_drum
f26131d8.wav,Bass_drum,5.315519592841156e-05,0.9347847104072571,8.894068741938099e-05,0.0006901917513459921,0.0008965243468992412,2.4943363314378075e-05,1.236420871464361e-06,0.06342503428459167,2.9534907298511826e-05,5.746454462496331e-06,Bass_drum
ce75b5ce.wav,Bass_drum,0.0005976097891107202,0.9129598736763,0.00028435897547751665,0.0003442897868808359,0.0038086487911641598,2.823792237904854e-05,5.0361013563815504e-06,0.08127851784229279,0.0006427347543649375,5.06936848978512e-05,Bass_drum
565f3ee2.wav,Bass_drum,0.0002764027158264071,0.9952020049095154,0.00185673707164824,8.434668416157365e-06,0.0014581176219508052,9.674514330981765e-06,1.0121221976078232e-06,0.00037359585985541344,0.0004910289426334202,0.00032296564313583076,Bass_drum
ff11628d.wav,Bass_drum,9.512784890830517e-05,0.9897655248641968,0.002235148334875703,0.0038821150083094835,0.00339820166118443,0.000282816996332258,1.2147225788794458e-05,6.948856025701389e-05,8.148069355229381e-06,0.00025116497999988496,Bass_drum
cdfc8967.wav,Bass_drum,0.0011420390801504254,0.7924529314041138,0.07102545350790024,0.02558239921927452,0.08042798936367035,0.01308421976864338,0.0005517897661775351,0.0015536367427557707,0.007494618650525808,0.006684932857751846,Bass_drum
f8a99b37.wav,Bass_drum,1.4295369510364253e-05,0.997707724571228,0.00029032924794591963,0.00013312199735082686,0.0017867069691419601,1.602096381247975e-05,2.1393957183590828e-07,9.848229638009798e-06,1.9931289898522664e-06,3.976113657699898e-05,Bass_drum
809ea09e.wav,Bass_drum,5.074260116089135e-06,0.9989021420478821,0.00010096931509906426,3.822191138169728e-05,0.0009152612765319645,3.970289071730804e-06,2.4996219849526824e-07,3.687056505441433e-06,1.0932604936897405e-06,2.937315366580151e-05,Bass_drum
03fc1f96.wav,Bass_drum,0.1520611047744751,0.533100962638855,0.03536592051386833,0.0022365881595760584,0.2323252409696579,0.004409826826304197,0.00039322947850450873,0.03796790540218353,0.0009128974634222686,0.0012262477539479733,Bass_drum
8b6a16de.wav,Bass_drum,0.0014419958461076021,0.9889733195304871,0.0001459440536564216,1.4878862941714033e-07,0.009426967240869999,1.2806299309886526e-07,1.7988352851716627e-07,5.017977855459321e-06,3.6516246382234385e-06,2.695375769690145e-06,Bass_drum
7dda9dc2.wav,Bass_drum,0.003529725829139352,0.44297489523887634,0.06106249988079071,0.012750884518027306,0.46373745799064636,0.002907996065914631,0.0001548841391922906,0.007567394524812698,0.002364726969972253,0.0029495246708393097,Double_bass
3a9085ca.wav,Bass_drum,0.00710238516330719,0.9214558601379395,0.0018862566212192178,0.00037589253042824566,0.0012811649357900023,4.202175114187412e-05,0.00016138186038006097,0.06719784438610077,0.00018982155597768724,0.0003074255946557969,Bass_drum
4ba2b70e.wav,Bass_drum,0.0002933827636297792,0.9727994799613953,7.452621503034607e-05,2.3036491256789304e-05,0.002210295293480158,5.646986664942233e-06,3.384988985999371e-06,0.024478314444422722,0.00010509283310966566,6.944998403923819e-06,Bass_drum
01c2f88b.wav,Bass_drum,0.0001600483083166182,0.950125515460968,0.006053324323147535,0.001714810379780829,0.034479279071092606,0.006040195003151894,7.930357242003083e-06,4.334616824053228e-05,0.00034237769432365894,0.0010332270758226514,Bass_drum
ce3f3400.wav,Bass_drum,0.12273931503295898,0.7953545451164246,0.041758764535188675,0.0002516874228604138,0.008588723838329315,0.0001774506235960871,0.0005189031944610178,0.023750104010105133,0.0010844264179468155,0.005776000674813986,Bass_drum
6a96272b.wav,Bass_drum,0.001004003919661045,0.8992326855659485,6.887778727104887e-05,4.6064229536568746e-05,0.09945601224899292,2.1127425497979857e-06,4.7925734492082483e-08,2.8852209652541205e-06,0.0001855340087786317,1.9155029349349206e-06,Bass_drum
9adffd44.wav,Bass_drum,0.012461654841899872,0.9763947129249573,0.0009445545147173107,1.9512322069203947e-06,0.010130972601473331,2.1530327103391755e-06,2.8552044568641577e-06,3.9662045310251415e-05,7.502413154725218e-06,1.3860815670341253e-05,Bass_drum
7d11b3b4.wav,Bass_drum,0.00011763042130041867,0.9994320273399353,3.041880700038746e-05,1.1993877251370577e-06,0.00040563862421549857,1.3509557561519614e-07,3.89443428616687e-08,9.813227279664716e-07,1.1598882338148542e-05,3.774383117161051e-07,Bass_drum
bab98261.wav,Bass_drum,5.594256072072312e-05,0.9994692206382751,2.264244540128857e-05,2.2758260342925496e-07,0.00043825723696500063,6.582398270893464e-08,7.583827255075448e-08,1.8895113953476539e-06,1.1140069545945153e-05,4.3781730596492707e-07,Bass_drum
c11bacda.wav,Bass_drum,0.013816365040838718,0.8700659871101379,0.07308278977870941,0.006322101689875126,0.013190224766731262,0.00752184446901083,0.0001701042929198593,0.010943136177957058,0.0028170847799628973,0.0020704257767647505,Bass_drum
9a4bfb69.wav,Bass_drum,0.005289950408041477,0.8772608041763306,0.017466068267822266,0.00017721432959660888,0.09890232980251312,0.00013920692435931414,2.627889898576541e-06,6.292440957622603e-05,7.564209954580292e-05,0.0006232252926565707,Bass_drum
18865530.wav,Flute,1.0451693924551364e-05,5.6726599112488785e-11,0.00011879811791004613,6.554130777658429e-06,6.586491768656444e-11,0.9997511506080627,4.217467619582749e-07,6.965061402297579e-06,1.809683089959435e-05,8.75491532497108e-05,Flute
9f6eac9c.wav,Flute,0.0006799431284889579,2.1777061931516073e-08,0.006743738893419504,0.010925096459686756,2.622558895382099e-05,0.9038056135177612,0.0004128503205720335,0.06884609162807465,0.007460258901119232,0.0011003230465576053,Flute
07db7f16.wav,Flute,7.27933511370793e-05,0.010836363770067692,0.003631241386756301,0.04397005960345268,0.006341774482280016,0.9315832257270813,0.00012770810280926526,0.0002756616158876568,0.0006635713507421315,0.002497561741620302,Flute
dc6676ff.wav,Flute,0.000614624354057014,2.1123831572822382e-09,0.0002243503404315561,0.004970446228981018,6.148217046586524e-09,0.9651910662651062,1.984693153644912e-05,0.02820853888988495,1.7912649127538316e-05,0.0007534468895755708,Flute
3eaddda8.wav,Flute,0.021144168451428413,6.777424459869508e-06,0.05603844299912453,0.016283046454191208,0.0007360631134361029,0.8494895696640015,0.00014087239105720073,0.04956451430916786,0.00025767841725610197,0.006339048035442829,Flute
1b93aeba.wav,Flute,0.0010821493342518806,1.0825344816112192e-06,0.0003401481662876904,0.0004402303893584758,1.0421234946988989e-05,0.9936226010322571,9.385092198499478e-06,0.00031718777609057724,5.693923412763979e-06,0.004171283449977636,Flute
c683f28f.wav,Flute,0.006590834818780422,1.1894292842318244e-11,6.605116504942998e-05,0.0010406048968434334,1.2890439826662714e-08,0.9903994798660278,6.260211099506918e-11,0.0010649902978911996,5.24058331452526e-11,0.0008380408980883658,Flute
55d52a69.wav,Flute,0.0005683650961145759,0.006773197557777166,0.008716044016182423,0.018412327393889427,0.0045729889534413815,0.9010301232337952,0.00018560727767180651,0.05709356442093849,0.00033637689193710685,0.0023113111965358257,Flute
ca8653d2.wav,Flute,0.0006615347228944302,1.737402635626495e-05,0.00492096645757556,0.006415107753127813,0.002089289017021656,0.9009174108505249,5.513493306352757e-06,0.08418861031532288,9.239950031769695e-07,0.0007833180716261268,Flute
6b27a847.wav,Flute,8.245888602687046e-05,1.9723270128224613e-08,0.0015123173361644149,0.007999398745596409,1.340053358944715e-06,0.9887744188308716,0.0005057886010035872,0.00030008607427589595,2.8442738653211563e-07,0.0008239803719334304,Flute
4bcc8a77.wav,Flute,0.05037371441721916,1.6183140161274423e-08,0.00025261397240683436,0.0004804769123438746,7.243615073093679e-06,0.9224106669425964,8.683050367608303e-08,0.026330221444368362,1.936183252837509e-05,0.0001255515671800822,Flute
84f5b84b.wav,Flute,0.0002113082882715389,1.0095874136695215e-10,1.6672409401508048e-05,0.0016582931857556105,4.685477561494622e-10,0.9969295263290405,1.8772177822617975e-12,0.00111245212610811,3.8132975943572234e-11,7.184770947787911e-05,Flute
5d73ee6f.wav,Flute,0.0024233167059719563,0.0012047863565385342,0.010945132002234459,0.03180835768580437,0.0016428825911134481,0.7927653789520264,0.0010669258190318942,0.1428045630455017,0.005977979861199856,0.009360806085169315,Flute
5d040c3b.wav,Flute,0.0030307495035231113,3.7792952412019076e-07,0.008055339567363262,0.0018654650775715709,0.00034885152126662433,0.9804617166519165,6.602037672109873e-08,0.0027890116907656193,0.00031646137358620763,0.003132140962406993,Flute
6a037ddf.wav,Flute,0.00016751285875216126,0.006577422376722097,0.010054248385131359,0.020202651619911194,0.00366358645260334,0.9047955274581909,0.0006935208803042769,0.04707436263561249,0.0011677134316414595,0.005603515077382326,Flute
35e97db3.wav,Flute,2.8074966795799128e-09,2.0781564255124114e-16,7.610441343786079e-07,1.713527672109194e-05,2.4390395772504344e-16,0.999980092048645,1.8701949440046856e-13,2.7958339643419095e-08,9.104877852231458e-16,1.9280737433291506e-06,Flute
d14f5df1.wav,Flute,0.01805783063173294,1.071252154360991e-05,0.008896315470337868,0.03092024102807045,0.0010621445253491402,0.8764239549636841,9.120783943217248e-05,0.06302650272846222,3.0227376555558294e-05,0.0014810081338509917,Flute
9f522cda.wav,Flute,0.00018092359823640436,1.665266147199418e-09,9.89394320640713e-05,0.01183347962796688,1.8453149095876142e-05,0.9770729541778564,3.326700971229002e-05,0.008762158453464508,4.951921823703742e-07,0.0019990766886621714,Flute
fe76c972.wav,Flute,0.0029704950284212828,2.0108267051455186e-07,0.03446778655052185,0.010473724454641342,0.0007070170831866562,0.9291969537734985,7.0504997893294785e-06,0.0210160780698061,1.0919137594100903e-07,0.0011607448104768991,Flute
562d93f5.wav,Flute,0.0019496158929541707,0.00025643393746577203,0.009328619576990604,0.03206169605255127,0.0003421622677706182,0.9259619116783142,0.00015935965348035097,0.022212984040379524,0.006427362561225891,0.001299955532886088,Flute
fa32109e.wav,Flute,0.00021994038252159953,2.8100796043872833e-05,0.009975987486541271,0.026172224432229996,0.00018286146223545074,0.90512615442276,0.0005367937264963984,0.053659141063690186,9.466879419051111e-05,0.004004061687737703,Flute
b4b2b68d.wav,Flute,0.02018703892827034,0.00011983321019215509,0.041896965354681015,0.015964966267347336,0.020456181839108467,0.8771064877510071,4.350529707153328e-06,0.017765304073691368,0.0006161364144645631,0.0058827330358326435,Flute
af227d6f.wav,Flute,0.0020833765156567097,1.7614494751683196e-08,0.018549876287579536,0.02361133322119713,4.263817027094774e-05,0.9147147536277771,2.2411186364479363e-05,0.029834548011422157,6.417441909434274e-06,0.011134715750813484,Flute
85d6a7d2.wav,Flute,0.0008981131250038743,4.324948399414552e-09,0.010371904820203781,0.010905315168201923,2.2731293938704766e-05,0.9289944767951965,4.3725933210225776e-05,0.04257544130086899,3.628131537425361e-07,0.006187936756759882,Flute
3707da71.wav,Flute,0.003374009858816862,2.973712525999872e-06,0.0215450469404459,0.028645794838666916,0.000527656520716846,0.9048020243644714,0.005239829421043396,0.019743703305721283,0.005599514581263065,0.010519465431571007,Flute
61c914b1.wav,Flute,0.00020180610590614378,3.875098570915725e-07,0.0006148386746644974,0.2156062126159668,6.233821068235557e-07,0.7826428413391113,3.4268508898094296e-05,0.00019350262300577015,1.3694484550796915e-05,0.0006918457802385092,Flute
f5e20dce.wav,Flute,0.02583419345319271,0.001314907567575574,0.07466097176074982,0.014057348482310772,0.0029728414956480265,0.7747052907943726,0.000147592494613491,0.0850917249917984,0.006715250201523304,0.014499875716865063,Flute
b0d9849d.wav,Flute,0.0004684176528826356,0.0009122723713517189,0.015021413564682007,0.032689619809389114,0.000997943221591413,0.9162166118621826,0.0007632134365849197,0.025531809777021408,0.0007001181365922093,0.006698564626276493,Flute
6ef82473.wav,Flute,0.02683105506002903,6.744923666701652e-06,0.016709405928850174,0.022239720448851585,0.009432810358703136,0.8281346559524536,0.014429636299610138,0.07715579122304916,3.1157196644926444e-05,0.005029144696891308,Flute
8986cced.wav,Flute,0.0001021956413751468,1.2289323194636381e-06,0.00013026339001953602,0.003708409611135721,0.0008405827102251351,0.9943601489067078,4.181733402219834e-06,0.00051664630882442,0.00019192729087080806,0.0001443557266611606,Flute
a64a3740.wav,Clarinet,2.9004695534240454e-08,4.092697521488296e-14,4.277654079487547e-05,0.9967846870422363,6.91064653418616e-12,0.0027519718278199434,2.157838074889895e-10,2.5903507321345387e-06,2.8348184910598206e-10,0.00041793956188485026,Clarinet
ad7ec8cb.wav,Clarinet,1.3221033157151396e-08,1.67017704766504e-19,2.9281563285188383e-10,0.9868139624595642,1.6747339598102004e-18,0.013152523897588253,3.3547676906204465e-16,2.0216872087530646e-07,1.78177698290094e-12,3.331866901135072e-05,Clarinet
8ee44fb5.wav,Clarinet,0.01297501940280199,7.894715103873295e-09,9.565086429574876e-07,0.9266483187675476,6.171289714984596e-05,0.03523401543498039,2.1611326701531652e-06,0.02143034338951111,2.5402648589079035e-06,0.0036449276376515627,Clarinet
7eb959ec.wav,Clarinet,0.019923320040106773,1.4827853192400653e-05,0.0012176285963505507,0.9425650835037231,0.00012189002882223576,0.013636976480484009,0.00040041422471404076,0.020005393773317337,3.861096047330648e-05,0.002076052827760577,Clarinet
e51e1770.wav,Clarinet,0.0005059738177806139,2.8753945002790715e-08,0.00019752852676901966,0.9431982636451721,2.1118918084539473e-05,0.002350078197196126,0.019912773743271828,0.02990332990884781,0.0028245211578905582,0.0010863610077649355,Clarinet
3f7e6da8.wav,Clarinet,0.026746224611997604,2.0739822303994515e-08,0.00023226851772051305,0.9721472859382629,3.798498028118047e-06,0.000458669412182644,7.940053183119744e-05,0.0003162614884786308,5.012500423617894e-06,1.0990223017870449e-05,Clarinet
3cbe9902.wav,Clarinet,0.001010140753351152,0.004568443633615971,0.00915512628853321,0.9348769783973694,0.0037609676364809275,0.03364134579896927,0.000623051542788744,0.003940605092793703,0.0007295369869098067,0.00769382156431675,Clarinet
9a722e53.wav,Clarinet,0.005159611348062754,1.9554099139895698e-07,8.185190267795406e-07,0.9834476113319397,2.4364304408663884e-05,4.326779890106991e-05,7.468923257647475e-09,0.011286615394055843,1.5156870176724624e-06,3.586394086596556e-05,Clarinet
19105b8a.wav,Clarinet,0.013071384280920029,1.1951960914302617e-05,0.02527143806219101,0.9121132493019104,0.003851711517199874,0.016114091500639915,4.835781510337256e-05,0.0184614360332489,0.009480885230004787,0.0015754023334011436,Clarinet
1f81cc2b.wav,Clarinet,0.0016833165427669883,6.595504373763106e-07,0.003919322043657303,0.9542825222015381,0.00020822139049414545,0.016483301296830177,0.0007779491133987904,0.022353505715727806,7.218046084744856e-05,0.00021929388458374888,Clarinet
44c5094c.wav,Clarinet,1.1597854410183572e-07,1.1689383998519237e-13,6.839806155767292e-05,0.9701675176620483,4.2043264869562336e-08,0.02968314290046692,2.029206230130809e-12,7.08223378751427e-05,2.3509971747159852e-09,1.0080044376081787e-05,Clarinet
5506629f.wav,Clarinet,0.00022963852097745985,0.0013296613469719887,0.0013309962814673781,0.9459409117698669,0.0001101913585443981,0.014863007701933384,6.140509503893554e-05,0.03584840148687363,0.00013418974413070828,0.0001516351185273379,Clarinet
ddf23920.wav,Clarinet,8.271840101770067e-08,1.4939311940298516e-11,3.429904381846427e-06,0.9915205240249634,1.9673652984497636e-10,0.008040666580200195,2.1053168893558905e-05,2.909385443672363e-07,2.6064543856563205e-09,0.00041414322913624346,Clarinet
2e1cd085.wav,Clarinet,2.1620975232394812e-08,1.4130903420894458e-17,1.3571537671452916e-08,0.9974209070205688,4.500795014461545e-10,0.0025579368229955435,1.8980238843202497e-16,1.941232221724931e-05,4.526874874954956e-07,1.1920765246031806e-06,Clarinet
dc981a38.wav,Clarinet,0.0028017323929816484,1.0305996767101533e-07,0.013859099708497524,0.8105872273445129,0.008657528087496758,0.13942161202430725,8.629495278000832e-05,0.02438773214817047,4.136340430704877e-05,0.00015738744696136564,Clarinet
a053797b.wav,Clarinet,0.05394541844725609,2.816126443150324e-09,2.276674422319047e-06,0.9335631728172302,4.851572725783626e-07,5.515376869880129e-06,6.0381174886436906e-12,0.012483044527471066,1.0483281442930092e-07,1.1608095462634083e-07,Clarinet
f2310f0d.wav,Clarinet,0.12039029598236084,0.012738766148686409,0.005721421912312508,0.8317866921424866,0.001060289447195828,0.011400134302675724,0.0008874348131939769,0.004034887533634901,0.00044498028000816703,0.011534898541867733,Clarinet
ce65d6b5.wav,Clarinet,0.00033261708449572325,7.391747214313682e-09,1.4096972336119507e-05,0.9168719053268433,1.365848038403783e-05,0.001048344187438488,2.049082778454725e-11,0.08167214691638947,3.83777151000686e-05,8.790088031673804e-06,Clarinet
45de3233.wav,Clarinet,0.0015651272842660546,0.027011113241314888,0.019489416852593422,0.9267737865447998,0.007202210836112499,0.009189661592245102,0.002538559027016163,0.0033239652402698994,0.0006599263288080692,0.0022464985959231853,Clarinet
8916ffcd.wav,Clarinet,0.0011450211750343442,5.1113380021561294e-12,9.77119043454877e-07,0.9976793527603149,1.1562096915440634e-05,0.000691813591402024,1.4183124550574792e-14,0.0004693599767051637,6.571155841683662e-10,1.8386932651992538e-06,Clarinet
e43f7db2.wav,Clarinet,1.4483803489895308e-08,1.585308896960222e-14,0.008448048494756222,0.9793089032173157,3.6782308310279177e-09,0.011473256163299084,4.693810271017007e-11,0.0006648472044616938,8.109273039735854e-07,0.00010429685789858922,Clarinet
3c66098d.wav,Clarinet,1.3031758498982526e-05,8.282863978026356e-12,3.908945473085623e-06,0.9497777819633484,9.098190534295725e-10,0.04973522201180458,1.148224715308288e-08,4.529175203060731e-05,5.49282390238659e-07,0.0004242965078447014,Clarinet
ad42e493.wav,Clarinet,0.0032418537884950638,1.954255367309088e-06,0.00758560374379158,0.9739211797714233,3.975084109697491e-05,0.008262792602181435,1.8535557728682761e-06,0.005040575284510851,6.494964054581942e-06,0.0018980331951752305,Clarinet
740e5bb7.wav,Clarinet,0.020468512549996376,0.005946736317127943,0.02881106361746788,0.8569053411483765,0.008442174643278122,0.026187285780906677,0.0011023760307580233,0.046528298407793045,0.001390694989822805,0.004217533860355616,Clarinet
800b401e.wav,Clarinet,0.008002685382962227,0.005016725976020098,0.005895370617508888,0.9429460167884827,0.009671621955931187,0.003819623263552785,4.600948159350082e-06,0.024485835805535316,7.764766633044928e-05,7.971106242621318e-05,Clarinet
3c713bcf.wav,Clarinet,3.723066038219258e-05,7.198532614438591e-08,0.00028519329498521984,0.9931054711341858,1.8392875063000247e-06,0.00027513570967130363,1.6178617443074472e-05,0.00627610320225358,6.03242256147496e-08,2.6848592824535444e-06,Clarinet
2fc00271.wav,Clarinet,0.0011318648466840386,6.211963636815199e-07,0.0032243658788502216,0.9941686391830444,0.0002837564388755709,0.0004919266211800277,5.2168950787745416e-05,0.0004959465586580336,5.685241558239795e-05,9.389017941430211e-05,Clarinet
b0c06255.wav,Clarinet,0.00010369387018727139,2.1870381061717126e-09,0.0012451510410755873,0.962080717086792,1.5694893590989523e-05,0.023887766525149345,1.2780009051027719e-08,0.005555432755500078,1.9023848096821894e-07,0.0071113635785877705,Clarinet
71c6451f.wav,Clarinet,0.0009263794054277241,2.622713424216272e-08,4.976126547262538e-06,0.8950123190879822,2.7418105673859827e-05,0.089702308177948,4.990043223074281e-08,0.013641196303069592,5.716828468393942e-07,0.0006848171469755471,Clarinet
5de123c3.wav,Clarinet,0.009289810433983803,6.023057053106129e-12,9.154064173344523e-05,0.9667536616325378,2.441147216813988e-06,0.004640568513423204,2.6991242574325724e-11,0.01914314180612564,6.37755661614392e-08,7.886370440246537e-05,Clarinet
